Workbook

Sheet Setup
A1: Green Way – Partner Scoring Setup
A3: Metric | B3: Max Points | C3: Weight (0–1) | D3: Weighted Max
A4: Legal compliance (reg/insurance) | B4: 20 | C4: 1 | D4: =B4*C4 -> 20
A5: Recognised certification (e.g., B Corp, sustainable restaurant association, net zero) | B5: 20 | C5: 1 | D5: =B5*C5 -> 20
A6: Local supply chain (≤100 miles) | B6: 10 | C6: 1 | D6: =B6*C6 -> 10
A7: Waste reduction/refill/composting | B7: 10 | C7: 1 | D7: =B7*C7 -> 10
A8: Renewable electricity tariff | B8: 10 | C8: 1 | D8: =B8*C8 -> 10
A9: Low-impact packaging | B9: 10 | C9: 1 | D9: =B9*C9 -> 10
A10: Reusable container incentives | B10: 10 | C10: 1 | D10: =B10*C10 -> 10
A11: Written carbon/sustainability plan | B11: 10 | C11: 1 | D11: =B11*C11 -> 10
A14: Priority Thresholds (Total Score)
A15: High Priority if score ≥ | B15: 50
A16: Medium Priority if score ≥ | B16: 40
A17: Otherwise | B17: Low Priority
A19: Notes
A20: Adjust weights and thresholds to match your go-to-market strategy. Business Scoring sheet updates automatically.

Sheet Business Scoring
A1: Business Name | B1: Category | C1: Town/City | D1: Website | E1: Email | F1: Legal (0–20) | G1: Cert (0–20) | H1: Local Supply (0–10) | I1: Waste (0–10) | J1: Energy (0–10) | K1: Packaging (0–10) | L1: Reusable Incentives (0–10) | M1: Carbon Plan (0–10) | N1: Evidence/Notes | O1: Total Score (0–100) | P1: Priority | Q1: Reach-out Status | R1: Owner | S1: Next Action Date
O2: =SUM(F2:M2) -> 0 | P2: =IF(O2="","",IF(O2>=Setup!$B$15,"High",IF(O2>=Setup!$B$16,"Medium","Low"))) -> Low
A3: The Canteen | B3: Cafe/Restaurant | C3: Bristol | D3: https://www.canteenbristol.co.uk/contact-the-canteen-bristol/ | E3: hello@canteenbristol.co.uk | F3: 20 | G3: 20 | H3: 10 | I3: 10 | J3: 10 | K3: 10 | L3: 10 | M3: 10 | N3: See website | O3: =SUM(F3:M3) -> 100 | P3: =IF(O3="","",IF(O3>=Setup!$B$15,"High",IF(O3>=Setup!$B$16,"Medium","Low"))) -> High | Q3: Contacted
A4: Better Food Company | B4: Grocery | C4: Bristol | D4: https://www.betterfood.co.uk/ | E4: marketing@betterfood.co.uk | F4: 15 | G4: 0 | H4: 7 | I4: 6 | J4: 0 | K4: 6 | L4: 4 | M4: 8 | O4: =SUM(F4:M4) -> 46 | P4: =IF(O4="","",IF(O4>=Setup!$B$15,"High",IF(O4>=Setup!$B$16,"Medium","Low"))) -> Medium | Q4: Contacted
A5: Ruby & White | B5: Grocery | C5: Bristol | D5: https://www.rubyandwhiteathome.com/ | E5: https://www.rubyandwhiteathome.com/contact | F5: 15 | G5: 0 | H5: 6 | I5: 2 | J5: 0 | K5: 0 | L5: 0 | M5: 0 | O5: =SUM(F5:M5) -> 23 | P5: =IF(O5="","",IF(O5>=Setup!$B$15,"High",IF(O5>=Setup!$B$16,"Medium","Low"))) -> Low | Q5: Contacted
A6: The Bristol Cheesemonger | B6: Grocery | C6: Bristol | D6: https://www.bristol-cheese.co.uk/ | E6: shop@bristol-cheese.co.uk | F6: 15 | G6: 0 | H6: 8 | I6: 6 | J6: 0 | K6: 4 | L6: 6 | M6: 0 | O6: =SUM(F6:M6) -> 39 | P6: =IF(O6="","",IF(O6>=Setup!$B$15,"High",IF(O6>=Setup!$B$16,"Medium","Low"))) -> Low | Q6: Contacted
A7: Preserve Foods | B7: Grocery | C7: Bristol | D7: http://preservefoods.co.uk/ | E7: preservefoodsbristol@gmail.com | F7: 15 | G7: 0 | H7: 6 | I7: 10 | J7: 0 | K7: 9 | L7: 10 | M7: 2 | O7: =SUM(F7:M7) -> 52 | P7: =IF(O7="","",IF(O7>=Setup!$B$15,"High",IF(O7>=Setup!$B$16,"Medium","Low"))) -> High | Q7: Contacted
A8: Harvest | B8: Grocery | C8: Bristol | D8: https://harvest-bristol.coop/ | E8: https://harvest-bristol.coop/ | F8: 15 | G8: 0 | H8: 7 | I8: 10 | J8: 0 | K8: 6 | L8: 10 | M8: 2 | O8: =SUM(F8:M8) -> 50 | P8: =IF(O8="","",IF(O8>=Setup!$B$15,"High",IF(O8>=Setup!$B$16,"Medium","Low"))) -> High | Q8: Contacted
A9: Scoopaway Health Foods | B9: Grocery | C9: Bristol | D9: http://www.scoopawayhealthfoods.co.uk/ | E9: 44 117 987 2199 | F9: 15 | G9: 0 | H9: 3 | I9: 6 | J9: 0 | K9: 3 | L9: 7 | M9: 0 | O9: =SUM(F9:M9) -> 34 | P9: =IF(O9="","",IF(O9>=Setup!$B$15,"High",IF(O9>=Setup!$B$16,"Medium","Low"))) -> Low | Q9: Not contacted
A10: Wild Oats Natural Foods | B10: Grocery | C10: Bristol | D10: https://woats.co.uk/ | E10: enquiries@wild-oats.co.uk | F10: 15 | G10: 0 | H10: 5 | I10: 6 | J10: 0 | K10: 4 | L10: 7 | M10: 1 | O10: =SUM(F10:M10) -> 38 | P10: =IF(O10="","",IF(O10>=Setup!$B$15,"High",IF(O10>=Setup!$B$16,"Medium","Low"))) -> Low | Q10: Contacted
A11: Earthbound Bristol Health store | B11: Grocery | C11: Bristol | D11: https://www.beyondretro.com/pages/store-locator-bristol | F11: 15 | G11: 0 | H11: 2 | I11: 2 | J11: 0 | K11: 0 | L11: 0 | M11: 0 | O11: =SUM(F11:M11) -> 19 | P11: =IF(O11="","",IF(O11>=Setup!$B$15,"High",IF(O11>=Setup!$B$16,"Medium","Low"))) -> Low | Q11: Not contacted
A12: Beyond Retro | B12: Charity/Reuse | C12: Bristol | D12: https://www.happycow.net/reviews/earthbound-bristol-6041 | E12: https://www.beyondretro.com/pages/store-locator-bristol | F12: 15 | G12: 0 | H12: 0 | I12: 6 | J12: 0 | K12: 4 | L12: 0 | M12: 6 | O12: =SUM(F12:M12) -> 31 | P12: =IF(O12="","",IF(O12>=Setup!$B$15,"High",IF(O12>=Setup!$B$16,"Medium","Low"))) -> Low | Q12: Contacted
A13: Lush | B13: Retail | C13: Bristol | D13: https://www.lush.com/uk/en | E13: https://www.lush.com/uk/en/ | F13: 20 | G13: 0 | H13: 0 | I13: 8 | J13: 8 | K13: 8 | L13: 0 | M13: 8 | O13: =SUM(F13:M13) -> 52 | P13: =IF(O13="","",IF(O13>=Setup!$B$15,"High",IF(O13>=Setup!$B$16,"Medium","Low"))) -> High | Q13: Contacted
A14: Mabboo | B14: Retail | C14: Bristol | D14: http://www.mabboo.com/ | E14: https://www.mabboo.com/contact | F14: 15 | G14: 0 | H14: 0 | I14: 5 | J14: 0 | K14: 5 | L14: 0 | M14: 2 | O14: =SUM(F14:M14) -> 27 | P14: =IF(O14="","",IF(O14>=Setup!$B$15,"High",IF(O14>=Setup!$B$16,"Medium","Low"))) -> Low | Q14: Contacted
A15: Zero Green | B15: Grocery | C15: Bristol | D15: http://www.zerogreenbristol.co.uk/ | E15: https://www.zerogreenbristol.co.uk/ | F15: 15 | G15: 0 | H15: 4 | I15: 10 | J15: 0 | K15: 9 | L15: 10 | M15: 4 | O15: =SUM(F15:M15) -> 52 | P15: =IF(O15="","",IF(O15>=Setup!$B$15,"High",IF(O15>=Setup!$B$16,"Medium","Low"))) -> High | Q15: Contacted
A16: Poco | B16: Cafe/Restaurant | C16: Bristol | D16: https://www.pocotapasbar.com/ | E16: https://www.pocotapasbar.com/contact | F16: 15 | G16: 0 | H16: 8 | I16: 7 | J16: 10 | K16: 4 | L16: 0 | M16: 7 | O16: =SUM(F16:M16) -> 51 | P16: =IF(O16="","",IF(O16>=Setup!$B$15,"High",IF(O16>=Setup!$B$16,"Medium","Low"))) -> High | Q16: Contacted
A17: The Granary | B17: Cafe/Restaurant | C17: Bristol | D17: https://www.granarybristol.com/ | E17: https://www.granarybristol.com/ | F17: 15 | G17: 0 | H17: 10 | I17: 8 | J17: 0 | K17: 2 | L17: 0 | M17: 2 | O17: =SUM(F17:M17) -> 37 | P17: =IF(O17="","",IF(O17>=Setup!$B$15,"High",IF(O17>=Setup!$B$16,"Medium","Low"))) -> Low | Q17: Contacted
A18: Root | B18: Cafe/Restaurant | C18: Bristol | D18: http://www.rootbristol.co.uk/ | E18: https://www.rootbristol.co.uk/contact | F18: 15 | G18: 0 | H18: 6 | I18: 4 | J18: 0 | K18: 1 | L18: 0 | M18: 2 | O18: =SUM(F18:M18) -> 28 | P18: =IF(O18="","",IF(O18>=Setup!$B$15,"High",IF(O18>=Setup!$B$16,"Medium","Low"))) -> Low | Q18: Contacted
A19: COR | B19: Cafe/Restaurant | C19: Bristol | D19: https://www.correstaurant.com/ | E19: manager@correstaurant.com | F19: 15 | G19: 0 | H19: 6 | I19: 4 | J19: 0 | K19: 1 | L19: 0 | M19: 3 | O19: =SUM(F19:M19) -> 29 | P19: =IF(O19="","",IF(O19>=Setup!$B$15,"High",IF(O19>=Setup!$B$16,"Medium","Low"))) -> Low | Q19: Contacted
A20: Pasture | B20: Cafe/Restaurant | C20: Bristol | D20: http://www.pasturerestaurant.com/ | E20: https://www.pasturerestaurant.com/contact | F20: 15 | G20: 20 | H20: 7 | I20: 8 | J20: 0 | K20: 2 | L20: 0 | M20: 7 | O20: =SUM(F20:M20) -> 59 | P20: =IF(O20="","",IF(O20>=Setup!$B$15,"High",IF(O20>=Setup!$B$16,"Medium","Low"))) -> High | Q20: Contacted
A21: Eat a Pitta | B21: Cafe/Restaurant | C21: Bristol | D21: https://www.eatapitta.co.uk/ | E21: https://www.eatapitta.co.uk/contact | F21: 15 | G21: 0 | H21: 3 | I21: 8 | J21: 10 | K21: 8 | L21: 0 | M21: 6 | O21: =SUM(F21:M21) -> 50 | P21: =IF(O21="","",IF(O21>=Setup!$B$15,"High",IF(O21>=Setup!$B$16,"Medium","Low"))) -> High | Q21: Contacted
A22: Pieminister | B22: Cafe/Restaurant | C22: Bristol | D22: http://www.pieminister.co.uk/restaurants/broadquay/ | E22: https://www.pieminister.co.uk/restaurants/broadquay/ | F22: 20 | G22: 20 | H22: 4 | I22: 8 | J22: 0 | K22: 2 | L22: 0 | M22: 10 | O22: =SUM(F22:M22) -> 64 | P22: =IF(O22="","",IF(O22>=Setup!$B$15,"High",IF(O22>=Setup!$B$16,"Medium","Low"))) -> High | Q22: Contacted
A23: Ashwell & Co. | B23: Cafe/Restaurant | C23: Bristol | D23: http://www.ashwellandco.com/ | E23: https://www.ashwellandco.com/contact | F23: 15 | G23: 0 | H23: 0 | I23: 2 | J23: 0 | K23: 1 | L23: 0 | M23: 1 | O23: =SUM(F23:M23) -> 19 | P23: =IF(O23="","",IF(O23>=Setup!$B$15,"High",IF(O23>=Setup!$B$16,"Medium","Low"))) -> Low | Q23: Contacted
... A25: Clayton Hotel Bristol | B25: Services | C25: Bristol | D25: https://www.claytonhotelbristolcity.com/ | E25: https://www.claytonhotelbristolcity.com/ | F25: 20 | G25: 2 | H25: 1 | I25: 5 | J25: 10 | K25: 6 | L25: 0 | M25: 7 | O25: =SUM(F25:M25) -> 51 | P25: =IF(O25="","",IF(O25>=Setup!$B$15,"High",IF(O25>=Setup!$B$16,"Medium","Low"))) -> High | Q25: Contacted
O26: =SUM(F26:M26) -> 0 | P26: =IF(O26="","",IF(O26>=Setup!$B$15,"High",IF(O26>=Setup!$B$16,"Medium","Low"))) -> Low
O27: =SUM(F27:M27) -> 0 | P27: =IF(O27="","",IF(O27>=Setup!$B$15,"High",IF(O27>=Setup!$B$16,"Medium","Low"))) -> Low
O28: =SUM(F28:M28) -> 0 | P28: =IF(O28="","",IF(O28>=Setup!$B$15,"High",IF(O28>=Setup!$B$16,"Medium","Low"))) -> Low
O29: =SUM(F29:M29) -> 0 | P29: =IF(O29="","",IF(O29>=Setup!$B$15,"High",IF(O29>=Setup!$B$16,"Medium","Low"))) -> Low
O30: =SUM(F30:M30) -> 0 | P30: =IF(O30="","",IF(O30>=Setup!$B$15,"High",IF(O30>=Setup!$B$16,"Medium","Low"))) -> Low
O31: =SUM(F31:M31) -> 0 | P31: =IF(O31="","",IF(O31>=Setup!$B$15,"High",IF(O31>=Setup!$B$16,"Medium","Low"))) -> Low
O32: =SUM(F32:M32) -> 0 | P32: =IF(O32="","",IF(O32>=Setup!$B$15,"High",IF(O32>=Setup!$B$16,"Medium","Low"))) -> Low
O33: =SUM(F33:M33) -> 0 | P33: =IF(O33="","",IF(O33>=Setup!$B$15,"High",IF(O33>=Setup!$B$16,"Medium","Low"))) -> Low
O34: =SUM(F34:M34) -> 0 | P34: =IF(O34="","",IF(O34>=Setup!$B$15,"High",IF(O34>=Setup!$B$16,"Medium","Low"))) -> Low
O35: =SUM(F35:M35) -> 0 | P35: =IF(O35="","",IF(O35>=Setup!$B$15,"High",IF(O35>=Setup!$B$16,"Medium","Low"))) -> Low
O36: =SUM(F36:M36) -> 0 | P36: =IF(O36="","",IF(O36>=Setup!$B$15,"High",IF(O36>=Setup!$B$16,"Medium","Low"))) -> Low
O37: =SUM(F37:M37) -> 0 | P37: =IF(O37="","",IF(O37>=Setup!$B$15,"High",IF(O37>=Setup!$B$16,"Medium","Low"))) -> Low
... O201: =SUM(F201:M201) -> 0 | P201: =IF(O201="","",IF(O201>=Setup!$B$15,"High",IF(O201>=Setup!$B$16,"Medium","Low"))) -> Low
